{
  "ABDOMINAL": {
    "tp": 20,
    "fp": 3,
    "fn": 10,
    "precision": 0.8695652173913043,
    "recall": 0.6666666666666666,
    "f1": 0.7547169811320754
  },
  "ALCOHOL-ABUSE": {
    "tp": 3,
    "fp": 1,
    "fn": 0,
    "precision": 0.75,
    "recall": 1.0,
    "f1": 0.8571428571428571
  },
  "ADVANCED-CAD": {
    "tp": 42,
    "fp": 24,
    "fn": 3,
    "precision": 0.6363636363636364,
    "recall": 0.9333333333333333,
    "f1": 0.7567567567567568
  },
  "ASP-FOR-MI": {
    "tp": 63,
    "fp": 7,
    "fn": 5,
    "precision": 0.9,
    "recall": 0.9264705882352942,
    "f1": 0.9130434782608695
  },
  "ENGLISH": {
    "tp": 73,
    "fp": 7,
    "fn": 0,
    "precision": 0.9125,
    "recall": 1.0,
    "f1": 0.9542483660130718
  },
  "MAKES-DECISIONS": {
    "tp": 75,
    "fp": 2,
    "fn": 8,
    "precision": 0.974025974025974,
    "recall": 0.9036144578313253,
    "f1": 0.9375
  },
  "MI-6MOS": {
    "tp": 7,
    "fp": 0,
    "fn": 1,
    "precision": 1.0,
    "recall": 0.875,
    "f1": 0.9333333333333333
  },
  "DIETSUPP-2MOS": {
    "tp": 38,
    "fp": 3,
    "fn": 6,
    "precision": 0.926829268292683,
    "recall": 0.8636363636363636,
    "f1": 0.8941176470588236
  },
  "MAJOR-DIABETES": {
    "tp": 35,
    "fp": 5,
    "fn": 8,
    "precision": 0.875,
    "recall": 0.813953488372093,
    "f1": 0.8433734939759036
  },
  "CREATININE": {
    "tp": 15,
    "fp": 0,
    "fn": 9,
    "precision": 1.0,
    "recall": 0.625,
    "f1": 0.7692307692307693
  },
  "DRUG-ABUSE": {
    "tp": 3,
    "fp": 7,
    "fn": 0,
    "precision": 0.3,
    "recall": 1.0,
    "f1": 0.4615384615384615
  },
  "HBA1C": {
    "tp": 23,
    "fp": 0,
    "fn": 12,
    "precision": 1.0,
    "recall": 0.6571428571428571,
    "f1": 0.7931034482758621
  },
  "KETO-1YR": {
    "tp": 0,
    "fp": 1,
    "fn": 0,
    "precision": 0.0,
    "recall": 0.0,
    "f1": 0.0
  }
}