{
  "ABDOMINAL": {
    "tp": 23,
    "fp": 16,
    "fn": 7,
    "precision": 0.5897435897435898,
    "recall": 0.7666666666666667,
    "f1": 0.6666666666666667
  },
  "ALCOHOL-ABUSE": {
    "tp": 1,
    "fp": 19,
    "fn": 2,
    "precision": 0.05,
    "recall": 0.3333333333333333,
    "f1": 0.08695652173913045
  },
  "ADVANCED-CAD": {
    "tp": 42,
    "fp": 19,
    "fn": 3,
    "precision": 0.6885245901639344,
    "recall": 0.9333333333333333,
    "f1": 0.7924528301886792
  },
  "ASP-FOR-MI": {
    "tp": 67,
    "fp": 10,
    "fn": 1,
    "precision": 0.8701298701298701,
    "recall": 0.9852941176470589,
    "f1": 0.9241379310344828
  },
  "ENGLISH": {
    "tp": 72,
    "fp": 3,
    "fn": 1,
    "precision": 0.96,
    "recall": 0.9863013698630136,
    "f1": 0.9729729729729729
  },
  "MAKES-DECISIONS": {
    "tp": 77,
    "fp": 2,
    "fn": 6,
    "precision": 0.9746835443037974,
    "recall": 0.927710843373494,
    "f1": 0.9506172839506173
  },
  "MI-6MOS": {
    "tp": 7,
    "fp": 4,
    "fn": 1,
    "precision": 0.6363636363636364,
    "recall": 0.875,
    "f1": 0.7368421052631579
  },
  "DIETSUPP-2MOS": {
    "tp": 30,
    "fp": 7,
    "fn": 14,
    "precision": 0.8108108108108109,
    "recall": 0.6818181818181818,
    "f1": 0.7407407407407407
  },
  "MAJOR-DIABETES": {
    "tp": 40,
    "fp": 20,
    "fn": 3,
    "precision": 0.6666666666666666,
    "recall": 0.9302325581395349,
    "f1": 0.7766990291262136
  },
  "CREATININE": {
    "tp": 16,
    "fp": 2,
    "fn": 8,
    "precision": 0.8888888888888888,
    "recall": 0.6666666666666666,
    "f1": 0.761904761904762
  },
  "DRUG-ABUSE": {
    "tp": 3,
    "fp": 8,
    "fn": 0,
    "precision": 0.2727272727272727,
    "recall": 1.0,
    "f1": 0.42857142857142855
  },
  "HBA1C": {
    "tp": 31,
    "fp": 3,
    "fn": 4,
    "precision": 0.9117647058823529,
    "recall": 0.8857142857142857,
    "f1": 0.8985507246376812
  },
  "KETO-1YR": {
    "tp": 0,
    "fp": 9,
    "fn": 0,
    "precision": 0.0,
    "recall": 0.0,
    "f1": 0.0
  }
}