{
  "ABDOMINAL": {
    "tp": 5,
    "fp": 0,
    "fn": 25,
    "precision": 1.0,
    "recall": 0.16666666666666666,
    "f1": 0.2857142857142857
  },
  "ALCOHOL-ABUSE": {
    "tp": 3,
    "fp": 1,
    "fn": 0,
    "precision": 0.75,
    "recall": 1.0,
    "f1": 0.8571428571428571
  },
  "ADVANCED-CAD": {
    "tp": 45,
    "fp": 27,
    "fn": 0,
    "precision": 0.625,
    "recall": 1.0,
    "f1": 0.7692307692307693
  },
  "ASP-FOR-MI": {
    "tp": 63,
    "fp": 7,
    "fn": 5,
    "precision": 0.9,
    "recall": 0.9264705882352942,
    "f1": 0.9130434782608695
  },
  "ENGLISH": {
    "tp": 44,
    "fp": 2,
    "fn": 29,
    "precision": 0.9565217391304348,
    "recall": 0.6027397260273972,
    "f1": 0.7394957983193277
  },
  "MAKES-DECISIONS": {
    "tp": 55,
    "fp": 1,
    "fn": 28,
    "precision": 0.9821428571428571,
    "recall": 0.6626506024096386,
    "f1": 0.7913669064748201
  },
  "MI-6MOS": {
    "tp": 5,
    "fp": 7,
    "fn": 3,
    "precision": 0.4166666666666667,
    "recall": 0.625,
    "f1": 0.5
  },
  "DIETSUPP-2MOS": {
    "tp": 39,
    "fp": 9,
    "fn": 5,
    "precision": 0.8125,
    "recall": 0.8863636363636364,
    "f1": 0.8478260869565218
  },
  "MAJOR-DIABETES": {
    "tp": 35,
    "fp": 15,
    "fn": 8,
    "precision": 0.7,
    "recall": 0.813953488372093,
    "f1": 0.7526881720430109
  },
  "CREATININE": {
    "tp": 15,
    "fp": 0,
    "fn": 9,
    "precision": 1.0,
    "recall": 0.625,
    "f1": 0.7692307692307693
  },
  "DRUG-ABUSE": {
    "tp": 3,
    "fp": 7,
    "fn": 0,
    "precision": 0.3,
    "recall": 1.0,
    "f1": 0.4615384615384615
  },
  "HBA1C": {
    "tp": 23,
    "fp": 0,
    "fn": 12,
    "precision": 1.0,
    "recall": 0.6571428571428571,
    "f1": 0.7931034482758621
  },
  "KETO-1YR": {
    "tp": 0,
    "fp": 1,
    "fn": 0,
    "precision": 0.0,
    "recall": 0.0,
    "f1": 0.0
  }
}